exp_id,data_fraction,data_words,model_size,tokenizer,seed,epochs,vocab_size,total_params,non_embedding_params,embedding_params,val_bpc,final_val_bpc,grammar_acc,total_training_time_sec,total_tokens_seen
exp_001_d25_micro_char_s42,0.25,353875,micro,char,42,2,39,109312,98624,10688,1.8495,1.8495,0.3902,15.76,2440474
exp_002_d25_micro_bpe_s42,0.25,353875,micro,bpe,42,2,80,111936,98624,13312,1.6536,1.6536,0.7561,19.61,1470032
exp_003_d25_micro_word_s42,0.25,353875,micro,word,42,2,630,147136,98624,48512,1.2848,1.2848,0.8537,16.54,843730
exp_004_d25_mini_char_s42,0.25,353875,mini,char,42,2,39,808960,787584,21376,1.3867,1.3867,0.5854,23.2,2440474
exp_005_d25_mini_bpe_s42,0.25,353875,mini,bpe,42,2,80,814208,787584,26624,1.4079,1.4079,0.8293,24.52,1470032
exp_006_d25_mini_word_s42,0.25,353875,mini,word,42,2,630,884608,787584,97024,1.1987,1.1987,0.9024,20.51,843730
exp_007_d75_micro_char_s42,0.75,1061625,micro,char,42,2,39,109312,98624,10688,1.4178,1.4178,0.5366,38.04,7362662
exp_008_d75_micro_bpe_s42,0.75,1061625,micro,bpe,42,2,80,111936,98624,13312,1.4126,1.4126,0.8537,48.52,4440436
exp_009_d75_micro_word_s42,0.75,1061625,micro,word,42,2,630,147136,98624,48512,1.1933,1.1933,0.878,37.64,2549206
exp_010_d75_mini_char_s42,0.75,1061625,mini,char,42,2,39,808960,787584,21376,1.0728,1.0728,0.8537,60.22,7362662
exp_011_d75_mini_bpe_s42,0.75,1061625,mini,bpe,42,2,80,814208,787584,26624,1.2183,1.2183,0.9268,87.28,4440436
exp_012_d75_mini_word_s42,0.75,1061625,mini,word,42,2,630,884608,787584,97024,1.1185,1.1185,1.0,77.73,2549206
